,index,counts
0,2023-08-30T20:19:37Z,2
1,2023-08-26T11:35:45Z,1
2,2023-08-07T03:12:14Z,10
3,2023-08-04T04:36:58Z,1
4,2023-08-03T19:03:50Z,1
5,2023-07-29T00:22:08Z,3
6,2023-07-26T10:45:49Z,1
7,2023-07-24T11:22:34Z,6
8,2023-12-14T02:17:15Z,0
9,2023-12-13T21:27:08Z,0
10,2023-12-12T23:06:30Z,4
11,2023-12-12T19:38:02Z,5
12,2023-12-12T18:28:48Z,0
13,2023-12-12T15:32:43Z,2
14,2023-12-12T08:09:36Z,12
15,2023-12-12T07:25:16Z,1
16,2023-12-12T00:45:28Z,0
17,2023-12-11T18:12:10Z,3
18,2023-12-11T02:53:53Z,2
19,2023-12-11T00:29:19Z,9
20,2023-12-11T00:29:16Z,0
21,2023-12-11T00:22:11Z,0
22,2023-12-11T00:21:29Z,0
23,2023-12-11T00:10:30Z,1
24,2023-12-10T15:54:25Z,1
25,2023-12-10T14:53:14Z,1
26,2023-12-10T14:13:49Z,2
27,2023-12-10T05:00:14Z,0
28,2023-12-10T03:07:44Z,0
29,2023-12-09T21:20:42Z,1
30,2023-12-09T13:45:59Z,7
31,2023-12-09T13:35:32Z,6
32,2023-12-09T09:02:07Z,4
33,2023-12-09T08:01:51Z,23
34,2023-12-09T05:17:11Z,7
35,2023-12-09T03:32:36Z,18
36,2023-12-09T00:21:12Z,14
37,2023-12-08T21:55:23Z,8
38,2023-12-08T21:03:55Z,1
39,2023-12-08T15:48:10Z,24
40,2023-12-08T14:49:55Z,4
41,2023-12-08T13:19:53Z,0
42,2023-12-08T12:45:52Z,1
43,2023-12-08T04:35:08Z,21
44,2023-12-08T03:12:57Z,0
45,2023-12-07T22:12:20Z,7
46,2023-12-07T21:10:32Z,5
47,2023-12-07T20:29:15Z,21
48,2023-12-07T16:56:02Z,31
49,2023-12-07T16:52:21Z,0
50,2023-12-07T15:09:13Z,4
51,2023-12-07T11:43:13Z,1
52,2023-12-07T04:31:40Z,1
53,2023-12-07T04:11:50Z,1
54,2023-12-07T04:02:50Z,21
55,2023-12-07T01:57:02Z,22
56,2023-12-06T21:35:57Z,16
57,2023-12-06T20:36:35Z,0
58,2023-12-06T20:17:16Z,0
59,2023-12-06T20:14:20Z,1
60,2023-12-06T18:14:24Z,3
61,2023-12-06T18:07:03Z,3
62,2023-12-06T16:43:38Z,17
63,2023-12-06T16:31:58Z,0
64,2023-12-06T15:01:29Z,0
65,2023-12-06T14:54:26Z,17
66,2023-12-06T10:24:48Z,0
67,2023-12-06T08:42:18Z,0
68,2023-12-06T06:47:26Z,4
69,2023-12-06T02:40:31Z,1
70,2023-12-05T22:43:41Z,1
71,2023-12-05T21:59:56Z,27
72,2023-12-05T20:11:44Z,22
73,2023-12-05T19:41:00Z,14
74,2023-12-05T19:03:10Z,24
75,2023-12-05T18:32:24Z,1
76,2023-12-05T18:18:05Z,1
77,2023-12-05T15:23:35Z,16
78,2023-12-05T14:51:20Z,14
79,2023-12-05T14:08:36Z,15
80,2023-12-05T12:58:10Z,21
81,2023-12-05T12:43:16Z,7
82,2023-12-05T10:44:46Z,11
83,2023-12-05T09:40:36Z,1
84,2023-12-05T09:09:04Z,7
85,2023-12-05T08:55:30Z,22
86,2023-12-05T08:51:08Z,12
87,2023-12-05T08:34:57Z,7
88,2023-12-05T08:13:46Z,8
89,2023-12-05T06:20:40Z,0
90,2023-12-05T05:36:03Z,12
91,2023-12-05T05:17:08Z,18
92,2023-12-05T04:03:51Z,0
93,2023-12-05T03:36:23Z,3
94,2023-12-05T03:29:24Z,17
95,2023-12-05T03:12:34Z,6
96,2023-12-05T03:09:08Z,1
97,2023-12-05T02:42:43Z,9
98,2023-12-05T02:20:04Z,9
99,2023-12-05T02:16:25Z,2
100,2023-12-05T01:38:57Z,1
101,2023-12-05T01:28:01Z,24
102,2023-12-05T00:47:35Z,9
103,2023-12-05T00:09:29Z,14
104,2023-12-04T23:21:51Z,1
105,2023-12-04T21:09:20Z,7
106,2023-12-04T19:38:59Z,1
107,2023-12-13T15:31:07Z,1
108,2023-12-13T15:30:54Z,1
109,2023-12-11T23:30:43Z,0
110,2023-12-11T06:53:16Z,0
111,2023-12-10T15:16:18Z,0
112,2023-12-08T05:52:19Z,0
113,2023-12-06T13:21:28Z,0
114,2023-12-06T06:43:50Z,0
115,2023-11-27T17:19:52Z,0
116,2023-11-21T15:52:04Z,0
117,2023-11-21T15:48:22Z,0
118,2023-11-21T15:34:40Z,0
119,2023-11-21T13:23:52Z,0
120,2023-11-21T12:10:27Z,0
121,2023-11-21T12:04:15Z,0
122,2023-11-19T17:07:50Z,0
123,2023-11-19T15:45:19Z,0
124,2023-11-19T14:48:56Z,0
125,2023-11-19T13:37:30Z,0
126,2023-11-18T17:51:43Z,0
127,2023-11-16T12:11:22Z,0
128,2023-11-16T07:19:41Z,0
129,2023-11-15T13:40:47Z,0
130,2023-11-13T15:17:31Z,0
131,2023-11-13T08:07:23Z,0
132,2023-11-11T18:43:26Z,0
133,2023-11-11T15:25:00Z,0
134,2023-11-09T18:02:21Z,0
135,2023-11-09T16:51:19Z,0
136,2023-11-09T09:30:15Z,0
137,2023-11-08T15:21:20Z,0
138,2023-11-08T14:19:14Z,0
139,2023-11-06T15:38:25Z,0
140,2023-11-06T14:13:30Z,0
141,2023-11-06T08:51:35Z,0
142,2023-11-05T15:24:40Z,0
143,2023-11-05T03:49:57Z,1
144,2023-11-04T12:08:06Z,0
145,2023-11-03T14:44:17Z,0
146,2023-11-02T15:04:53Z,0
147,2023-11-01T20:40:59Z,0
148,2023-11-01T10:15:38Z,0
149,2023-10-31T16:56:01Z,0
150,2023-10-31T08:28:03Z,0
151,2023-10-30T23:39:46Z,0
152,2023-10-30T18:07:38Z,0
153,2023-10-30T16:07:10Z,0
154,2023-10-30T16:05:43Z,0
155,2023-10-30T10:55:55Z,0
156,2023-10-30T00:59:34Z,0
157,2023-10-28T08:57:13Z,0
158,2023-10-28T02:12:35Z,0
159,2023-10-27T14:05:22Z,0
160,2023-10-27T03:57:23Z,0
161,2023-10-26T17:51:16Z,0
162,2023-10-26T09:04:56Z,0
163,2023-10-26T08:27:28Z,0
164,2023-10-25T15:02:20Z,0
165,2023-10-24T19:27:39Z,0
166,2023-10-24T18:29:15Z,0
167,2023-10-24T15:23:22Z,0
168,2023-10-24T15:08:31Z,1
169,2023-10-22T18:00:47Z,0
170,2023-10-21T17:07:08Z,0
171,2023-10-21T14:17:50Z,0
172,2023-10-20T08:33:15Z,0
173,2023-10-20T05:01:50Z,0
174,2023-10-19T16:36:53Z,0
175,2023-10-19T12:57:05Z,0
176,2023-10-18T18:38:23Z,0
177,2023-10-18T17:17:34Z,0
178,2023-10-18T12:46:37Z,1
179,2023-10-18T09:03:46Z,0
180,2023-10-18T01:47:33Z,0
181,2023-10-17T15:16:43Z,1
182,2023-10-16T12:33:46Z,0
183,2023-10-16T11:48:53Z,0
184,2023-10-16T06:00:26Z,0
185,2023-10-16T04:56:15Z,0
186,2023-10-15T18:44:52Z,0
187,2023-10-15T17:36:43Z,0
188,2023-10-15T16:21:35Z,0
189,2023-10-15T09:30:33Z,0
190,2023-10-15T09:07:16Z,0
191,2023-10-15T06:47:22Z,0
192,2023-10-14T19:59:09Z,0
193,2023-10-14T17:33:50Z,1
194,2023-10-14T15:54:06Z,0
195,2023-10-14T15:42:32Z,0
196,2023-10-14T06:00:14Z,1
197,2023-10-13T15:53:37Z,0
198,2023-10-13T15:53:31Z,0
199,2023-10-13T15:47:03Z,1
200,2023-10-13T10:42:42Z,6
201,2023-10-13T10:00:43Z,1
202,2023-10-13T06:53:14Z,0
203,2023-10-13T02:54:43Z,0
204,2023-10-12T16:21:19Z,0
205,2023-10-12T15:23:17Z,0
206,2023-10-12T14:02:24Z,0
207,2023-12-04T03:48:23Z,0
208,2023-12-04T00:20:20Z,0
209,2023-12-03T00:24:52Z,0
210,2023-12-03T00:06:24Z,0
211,2023-12-02T21:07:37Z,0
212,2023-11-28T21:53:50Z,0
213,2023-11-11T08:06:46Z,2
214,2023-11-09T07:19:48Z,0
215,2023-11-04T03:26:07Z,0
216,2023-11-03T08:38:47Z,0
217,2023-10-25T13:31:02Z,2
218,2023-10-24T06:30:10Z,1
219,2023-10-22T13:40:45Z,0
220,2023-10-15T10:51:03Z,0
221,2023-10-07T12:18:21Z,0
222,2023-10-06T12:54:48Z,0
223,2023-10-04T19:33:37Z,0
224,2023-10-04T00:47:42Z,0
225,2023-10-02T02:53:24Z,0
226,2023-09-30T17:30:41Z,12
227,2023-09-28T21:28:01Z,0
228,2023-09-25T00:46:42Z,1
229,2023-09-09T16:29:51Z,0
230,2023-09-07T19:24:28Z,0
231,2023-09-01T21:55:26Z,0
232,2023-08-25T15:55:44Z,0
233,2023-08-21T02:59:31Z,0
234,2023-08-15T03:44:55Z,0
235,2023-08-08T17:21:09Z,0
236,2023-08-04T22:23:55Z,0
237,2023-08-04T07:39:20Z,1
238,2023-07-31T02:31:40Z,0
239,2023-07-28T18:12:35Z,2
240,2023-07-28T15:03:21Z,1
241,2023-07-17T02:42:50Z,0
242,2023-07-13T21:22:40Z,0
243,2023-07-06T23:14:54Z,0
244,2023-06-29T00:29:17Z,1
245,2023-06-27T09:04:23Z,1
246,2023-06-20T20:41:21Z,1
247,2023-06-17T11:18:43Z,0
248,2023-06-14T09:00:58Z,0
249,2023-06-07T12:21:03Z,0
250,2023-06-06T11:16:45Z,0
251,2023-06-04T07:46:48Z,0
252,2023-05-30T05:58:33Z,2
253,2023-05-29T16:41:50Z,1
254,2023-05-28T23:04:38Z,0
255,2023-05-17T06:48:50Z,0
256,2023-05-17T02:33:02Z,1
257,2023-05-12T04:04:55Z,1
258,2023-05-09T15:09:01Z,1
259,2023-05-08T06:22:05Z,1
260,2023-05-08T03:03:52Z,0
261,2023-05-01T14:41:31Z,0
262,2023-04-30T13:01:06Z,0
263,2023-04-28T10:43:13Z,0
264,2023-04-28T05:48:28Z,0
265,2023-04-21T19:26:51Z,0
266,2023-04-21T19:10:31Z,0
267,2023-04-16T03:14:43Z,0
268,2023-04-14T21:59:24Z,0
269,2023-04-11T10:08:49Z,1
270,2023-04-08T20:14:47Z,1
271,2023-04-04T17:33:11Z,1
272,2023-04-03T05:30:50Z,0
273,2023-03-28T13:12:00Z,1
274,2023-03-27T20:00:31Z,0
275,2023-03-26T22:16:54Z,0
276,2023-03-24T20:35:41Z,0
277,2023-03-16T12:30:32Z,0
278,2023-03-10T08:59:56Z,0
279,2023-03-05T15:55:31Z,0
280,2023-03-04T23:56:10Z,0
281,2023-03-01T13:39:12Z,0
282,2023-02-24T03:02:53Z,2
283,2023-02-23T20:04:33Z,0
284,2023-02-20T23:01:19Z,0
285,2023-02-10T01:18:19Z,1
286,2023-02-08T23:13:13Z,1
287,2023-02-07T02:41:37Z,0
288,2023-02-07T01:55:33Z,0
289,2023-01-26T02:38:48Z,0
290,2023-01-25T23:47:47Z,2
291,2023-01-20T05:48:02Z,2
292,2023-01-19T05:19:25Z,1
293,2023-01-17T05:48:15Z,0
294,2023-01-14T13:13:04Z,0
295,2023-01-14T00:36:44Z,1
296,2023-01-10T02:22:13Z,0
297,2023-01-03T14:47:53Z,0
298,2023-01-03T02:51:03Z,0
299,2022-12-29T22:10:13Z,0
300,2022-12-29T07:58:24Z,1
301,2022-12-28T11:56:42Z,0
302,2022-12-25T05:48:58Z,0
303,2022-12-23T17:40:10Z,0
304,2022-12-21T14:14:52Z,2
305,2022-12-14T15:20:16Z,4
306,2022-12-06T08:07:42Z,58
307,2023-12-14T11:51:53Z,0
308,2023-12-13T02:11:46Z,1
309,2023-12-13T00:48:28Z,0
310,2023-12-13T00:17:02Z,0
311,2023-12-12T03:53:27Z,1
312,2023-12-12T00:27:36Z,0
313,2023-12-11T23:55:54Z,0
314,2023-12-11T06:48:26Z,0
315,2023-12-11T06:43:22Z,0
316,2023-12-11T00:47:40Z,0
317,2023-12-10T02:14:23Z,0
318,2023-12-09T18:59:27Z,0
319,2023-12-09T05:50:20Z,1
320,2023-12-09T04:02:24Z,3
321,2023-12-09T02:05:38Z,0
322,2023-12-09T01:45:28Z,0
323,2023-12-08T23:30:51Z,6
324,2023-12-08T22:46:54Z,0
325,2023-12-08T08:01:00Z,18
326,2023-12-08T05:12:01Z,1
327,2023-12-08T00:41:09Z,4
328,2023-12-08T00:27:50Z,1
329,2023-12-07T07:55:21Z,0
330,2023-12-07T03:20:01Z,8
331,2023-12-07T02:00:41Z,0
332,2023-12-07T01:33:27Z,43
333,2023-12-07T01:10:27Z,0
334,2023-12-07T00:32:50Z,1
335,2023-12-06T23:43:30Z,0
336,2023-12-06T21:51:19Z,2
337,2023-12-06T21:45:26Z,0
338,2023-12-06T21:18:19Z,36
339,2023-12-06T20:18:36Z,23
340,2023-12-06T18:23:22Z,12
341,2023-12-06T16:00:56Z,34
342,2023-12-06T15:23:32Z,16
343,2023-12-06T10:55:30Z,1
344,2023-12-06T08:35:56Z,91
345,2023-12-06T06:18:12Z,46
346,2023-12-06T06:13:05Z,194
347,2023-12-06T05:22:41Z,23
348,2023-11-14T03:01:13Z,0
349,2023-06-30T23:31:59Z,0
350,2023-03-25T11:20:55Z,0
351,2023-02-23T10:23:04Z,0
352,2023-02-13T17:24:38Z,2
353,2023-01-31T15:30:43Z,0
354,2023-01-23T16:21:55Z,1
355,2023-01-19T16:20:35Z,1
356,2023-01-05T19:05:06Z,0
357,2022-10-21T21:38:56Z,0
358,2022-09-15T03:43:18Z,0
359,2022-09-06T21:29:18Z,0
360,2020-06-02T19:43:14Z,4
361,2020-05-25T02:35:02Z,3
362,2020-05-24T23:14:17Z,1
363,2020-05-22T22:23:25Z,4
364,2020-05-19T12:05:01Z,1
365,2020-05-17T11:46:53Z,5
366,2020-05-14T19:47:30Z,3
367,2020-05-14T19:42:09Z,4
368,2020-05-10T05:23:27Z,2
369,2020-05-04T09:31:56Z,1
370,2020-04-30T18:12:14Z,0
371,2020-04-30T08:47:17Z,0
372,2020-04-23T18:01:41Z,2
373,2020-04-23T14:07:18Z,2
374,2020-04-13T18:01:31Z,2033
375,2020-04-13T17:59:08Z,1
376,2020-04-12T06:29:50Z,51
377,2020-04-09T22:51:03Z,0
378,2020-04-09T22:19:07Z,0
379,2020-04-08T04:33:03Z,1
380,2020-04-07T04:40:07Z,0
381,2020-04-05T20:33:32Z,1
382,2020-04-04T19:23:13Z,2
383,2020-04-02T16:14:17Z,0
384,2020-03-31T00:33:25Z,0
385,2020-03-25T02:52:07Z,315
386,2020-03-25T01:33:04Z,0
387,2020-03-24T17:22:40Z,1
388,2020-03-24T15:29:10Z,0
389,2020-03-23T16:04:28Z,1
390,2020-03-19T20:36:51Z,0
391,2020-03-14T20:40:50Z,0
392,2020-03-14T15:29:08Z,16
393,2020-03-10T03:23:04Z,0
394,2020-03-08T01:11:57Z,0
395,2020-03-02T14:00:02Z,0
396,2020-01-25T17:35:23Z,0
397,2020-01-22T09:02:13Z,0
398,2020-01-06T11:10:23Z,0
399,2019-12-16T00:01:20Z,0
400,2019-12-12T00:31:24Z,0
401,2019-11-20T14:45:33Z,0
402,2019-11-18T06:20:42Z,0
403,2019-11-06T13:35:01Z,0
404,2019-09-30T02:45:48Z,0
405,2019-09-29T16:13:07Z,1
406,2019-09-19T17:51:15Z,0
407,2019-08-28T13:26:08Z,0
408,2019-08-23T22:35:31Z,0
409,2019-08-19T12:01:26Z,0
410,2019-08-16T15:13:15Z,0
411,2019-08-04T07:33:57Z,0
412,2019-07-26T01:58:27Z,0
413,2019-07-14T19:48:38Z,1
414,2019-06-27T15:44:18Z,0
415,2019-05-29T18:31:20Z,0
416,2019-05-25T03:43:48Z,0
417,2019-05-18T23:23:03Z,0
418,2019-05-10T17:55:28Z,0
419,2019-04-26T10:28:15Z,0
420,2019-04-15T03:22:02Z,0
421,2019-04-14T01:47:43Z,0
422,2019-04-09T14:15:32Z,0
423,2019-03-14T12:51:20Z,0
424,2019-02-13T05:58:33Z,0
425,2019-02-13T02:22:16Z,0
426,2019-02-03T23:41:55Z,0
427,2019-01-20T20:20:20Z,0
428,2019-01-14T22:42:47Z,0
429,2018-12-20T00:09:48Z,0
430,2018-12-11T18:07:22Z,2
431,2018-12-08T13:13:28Z,2
432,2018-12-07T07:30:43Z,1
433,2018-11-26T17:50:22Z,1
434,2018-11-23T16:23:37Z,1
435,2018-11-13T14:45:25Z,2
436,2018-10-22T01:02:47Z,1
437,2018-10-17T03:43:02Z,1
438,2018-10-16T01:53:23Z,3
439,2018-09-25T14:26:28Z,0
440,2018-09-23T04:56:21Z,1
441,2018-09-18T19:42:09Z,0
442,2018-09-15T06:29:46Z,1
443,2018-09-14T16:58:10Z,3
444,2018-08-26T10:50:23Z,0
445,2018-08-02T07:34:47Z,0
446,2018-07-18T04:15:52Z,0
447,2018-07-14T07:57:31Z,0
448,2023-12-13T02:22:18Z,0
449,2023-11-27T01:31:12Z,0
450,2023-10-29T16:24:09Z,0
451,2023-10-27T02:10:47Z,0
452,2023-10-26T06:10:34Z,0
453,2023-10-01T06:23:54Z,0
454,2023-09-27T14:57:05Z,0
455,2023-09-19T23:16:23Z,0
456,2023-09-01T21:41:02Z,0
457,2023-09-01T18:10:38Z,0
458,2023-08-31T02:04:36Z,0
459,2023-08-25T04:34:28Z,0
460,2023-08-19T01:58:41Z,0
461,2023-08-17T21:46:09Z,0
462,2023-08-17T20:07:47Z,0
463,2023-08-13T04:39:08Z,1
464,2023-08-09T22:38:36Z,0
465,2023-08-07T00:16:55Z,1
466,2023-08-03T15:38:35Z,0
467,2023-08-02T17:55:26Z,0
468,2023-07-29T22:20:14Z,0
469,2023-07-29T18:15:43Z,0
470,2023-07-18T01:09:05Z,0
471,2023-07-14T04:03:47Z,0
472,2023-07-04T16:09:00Z,0
473,2023-06-30T05:15:11Z,0
474,2023-06-13T22:03:24Z,0
475,2023-06-13T14:35:29Z,0
476,2023-05-18T01:14:11Z,0
477,2023-05-17T22:52:08Z,0
478,2023-05-07T01:41:28Z,0
479,2023-05-06T17:51:44Z,1
480,2023-05-03T01:31:34Z,1
481,2023-04-29T01:51:14Z,0
482,2023-04-15T12:56:12Z,1
483,2023-04-08T00:56:22Z,0
484,2023-03-18T01:45:08Z,0
485,2023-02-24T18:26:27Z,0
486,2023-02-21T00:29:00Z,1
487,2023-02-19T18:50:45Z,0
488,2023-02-04T23:00:47Z,0
489,2023-01-19T12:08:36Z,0
490,2023-01-05T18:13:55Z,0
491,2022-12-28T16:40:33Z,0
492,2022-12-19T13:18:22Z,1
493,2022-12-18T02:22:52Z,0
494,2022-12-16T17:12:17Z,0
495,2022-11-26T18:37:14Z,0
496,2022-11-17T12:12:13Z,0
497,2022-11-15T01:55:09Z,0
498,2022-11-14T07:40:04Z,0
499,2022-11-14T05:30:45Z,0
500,2022-11-14T02:06:53Z,0
501,2022-11-13T18:25:20Z,0
502,2022-11-12T00:50:06Z,0
503,2022-11-12T00:25:05Z,0
504,2022-11-10T11:07:05Z,0
505,2022-11-10T07:41:29Z,0
506,2022-11-10T02:23:53Z,1
507,2022-11-10T00:58:15Z,0
508,2022-11-09T23:41:21Z,0
509,2022-11-09T19:11:26Z,2
510,2022-11-09T14:58:10Z,1
511,2022-11-08T01:41:17Z,8
512,2022-11-08T01:33:13Z,0
513,2022-11-07T20:38:58Z,0
514,2022-11-07T00:08:32Z,0
515,2022-11-06T16:41:09Z,1
516,2022-11-06T00:35:36Z,0
517,2022-11-05T18:58:11Z,0
518,2022-11-05T10:36:44Z,0
519,2022-11-04T15:37:55Z,0
520,2022-11-04T13:55:32Z,0
521,2022-11-02T22:11:04Z,0
522,2022-11-02T14:37:32Z,0
523,2022-11-02T02:36:30Z,0
524,2022-11-02T02:19:09Z,0
525,2022-11-02T01:17:37Z,0
526,2022-11-01T17:17:32Z,0
527,2022-11-01T09:13:14Z,0
528,2022-11-01T03:33:34Z,0
529,2022-11-01T02:29:19Z,0
530,2022-10-31T15:19:30Z,0
531,2022-10-29T14:59:22Z,0
532,2022-10-23T06:02:45Z,0
533,2022-10-22T22:51:51Z,0
534,2022-10-11T13:26:06Z,0
535,2022-10-09T07:12:28Z,0
536,2022-10-07T22:05:13Z,1
537,2022-10-07T01:58:30Z,2
538,2022-10-06T12:44:18Z,0
539,2022-10-06T07:15:46Z,0
540,2022-10-06T05:37:58Z,0
541,2022-10-06T01:12:29Z,0
542,2022-10-05T22:41:56Z,0
543,2022-10-05T20:45:46Z,0
544,2022-10-05T18:38:15Z,0
545,2022-10-05T03:20:12Z,0
546,2022-10-04T21:33:53Z,0
547,2022-10-04T15:40:08Z,0
548,2023-09-02T03:52:59Z,752
549,2023-12-13T23:51:48Z,0
550,2023-12-13T21:02:31Z,0
551,2023-12-13T18:07:59Z,1
552,2023-12-13T17:08:24Z,0
553,2023-12-13T04:47:22Z,0
554,2023-12-11T13:33:46Z,1
555,2023-12-11T13:05:01Z,0
556,2023-12-11T03:43:51Z,0
557,2023-12-10T12:16:22Z,0
558,2023-12-09T14:49:35Z,0
559,2023-12-09T11:00:12Z,0
560,2023-12-09T01:37:09Z,0
561,2023-12-07T19:34:55Z,0
562,2023-12-07T19:03:45Z,0
563,2023-12-06T07:28:24Z,0
564,2023-12-05T13:35:28Z,0
565,2023-12-05T01:51:04Z,0
566,2023-12-04T01:16:20Z,0
567,2023-12-03T16:17:11Z,0
568,2023-12-02T18:31:09Z,0
569,2023-11-30T21:30:50Z,0
570,2023-11-30T17:06:31Z,0
571,2023-11-29T15:03:05Z,0
572,2023-11-29T02:39:47Z,0
573,2023-11-29T01:28:08Z,0
574,2023-11-28T23:20:06Z,0
575,2023-11-28T14:58:31Z,0
576,2023-11-28T10:09:23Z,0
577,2023-11-28T08:22:42Z,0
578,2023-11-28T03:36:42Z,0
579,2023-11-28T00:22:57Z,0
580,2023-11-27T22:06:33Z,0
581,2023-11-27T14:43:55Z,1
582,2023-11-27T13:04:08Z,0
583,2023-11-27T11:28:43Z,0
584,2023-11-27T03:17:24Z,0
585,2023-11-27T00:04:33Z,0
586,2023-11-26T16:03:36Z,0
587,2023-11-26T05:40:56Z,0
588,2023-11-25T10:54:41Z,0
589,2023-11-25T09:08:15Z,0
590,2023-11-24T19:12:30Z,1
591,2023-11-24T16:42:14Z,0
592,2023-11-24T08:05:36Z,0
593,2023-11-24T04:29:23Z,0
594,2023-11-24T02:04:25Z,0
595,2023-11-24T00:06:22Z,0
596,2023-11-23T09:14:50Z,0
597,2023-11-23T02:48:41Z,0
598,2023-11-22T10:47:08Z,0
599,2023-11-21T18:50:30Z,0
600,2023-11-21T15:29:46Z,0
601,2023-11-21T02:33:14Z,0
602,2023-11-20T16:56:42Z,1
603,2023-11-20T12:32:58Z,1
604,2023-11-20T11:07:02Z,0
605,2023-11-19T20:05:14Z,0
606,2023-11-19T18:55:57Z,0
607,2023-11-19T16:18:02Z,1
608,2023-11-19T14:46:14Z,0
609,2023-11-19T11:24:09Z,0
610,2023-11-18T19:44:04Z,0
611,2023-11-18T17:39:49Z,0
612,2023-11-18T15:48:43Z,0
613,2023-11-18T15:37:16Z,0
614,2023-11-18T02:02:39Z,0
615,2023-11-17T00:00:50Z,0
616,2023-11-16T11:55:05Z,0
617,2023-11-16T03:21:02Z,0
618,2023-11-15T20:52:19Z,1
619,2023-11-15T12:04:04Z,0
620,2023-11-14T11:31:28Z,0
621,2023-11-14T10:11:09Z,0
622,2023-11-14T05:16:35Z,0
623,2023-11-13T20:11:22Z,0
624,2023-11-11T20:58:35Z,0
625,2023-11-11T16:43:00Z,0
626,2023-11-11T14:11:20Z,0
627,2023-11-11T02:57:15Z,0
628,2023-11-10T23:10:49Z,0
629,2023-11-10T11:08:36Z,0
630,2023-11-10T07:24:48Z,0
631,2023-11-10T07:24:35Z,0
632,2023-11-10T04:55:54Z,0
633,2023-11-10T04:26:38Z,0
634,2023-11-09T20:43:06Z,0
635,2023-11-09T19:20:31Z,0
636,2023-11-09T18:38:55Z,0
637,2023-11-09T12:11:12Z,0
638,2023-11-08T07:03:36Z,0
639,2023-11-07T21:57:23Z,0
640,2023-11-07T02:05:49Z,0
641,2023-11-07T02:05:29Z,0
642,2023-11-06T06:05:34Z,0
643,2023-11-06T05:41:32Z,0
644,2023-11-06T00:50:54Z,0
645,2023-11-04T16:55:20Z,0
646,2023-11-04T14:57:01Z,0
647,2023-11-04T14:56:54Z,0
648,2023-12-13T16:52:00Z,0
649,2023-12-13T15:05:01Z,0
